name,id,deadline_war,season_war,predicted_season_war,predicted_remaining
Mike Trout,10155,5.8,8.6,8.16,2.36
Cody Bellinger,15998,5.4,7.8,7.89,2.49
Christian Yelich,11477,5.1,7.8,7.96,2.86
Matt Chapman,16505,4,6.1,5.06,1.06
Alex Bregman,17678,3.8,8.5,5,1.2
Xander Bogaerts,12161,3.6,6.8,4.89,1.29
Ketel Marte,13613,3.5,7.1,4.83,1.33
Peter Alonso,19251,3.4,4.8,5.31,1.91
Peter Alonso,19251,3.4,4.8,5.31,1.91
Joey Gallo,14128,3.4,3.3,5.26,1.86
Kris Bryant,15429,3.4,4.8,5.11,1.71
Rafael Devers,17350,3.4,5.9,4.84,1.44
Mookie Betts,13611,3.4,6.6,4.85,1.45
Javier Baez,12979,3.3,4.4,4.65,1.35
Yoan Moncada,17232,3.3,5.7,4.87,1.57
Ronald Acuna Jr.,18401,3.3,5.6,4.75,1.45
Anthony Rendon,12861,3.2,7,5.05,1.85
Yasmani Grandal,11368,3.2,5.2,4.46,1.26
DJ LeMahieu,9874,3.1,5.4,4.62,1.52
George Springer,12856,3.1,6.5,4.74,1.64
Nolan Arenado,9777,3.1,5.9,4.98,1.88
Marcus Semien,12533,3.1,7.6,4.54,1.44
Carlos Santana,2396,3,4.4,4.8,1.8
Trevor Story,12564,3,5.8,4.92,1.92
Max Muncy,13301,2.9,4.8,4.79,1.89
Eduardo Escobar,6153,2.9,3.7,4.72,1.82
Freddie Freeman,5361,2.9,4,5.09,2.19
J.T. Realmuto,11739,2.8,5.7,3.49,0.69
Jorge Polanco,13152,2.7,4,3.78,1.08
Paul DeJong,18015,2.7,4.1,4.16,1.46
Max Kepler,12144,2.7,4.4,4.24,1.54
Fernando Tatis Jr.,19709,2.7,3.6,4.63,1.93
Michael Brantley,4106,2.6,4.2,3.38,0.78
Jeff McNeil,15362,2.6,4.6,3.49,0.89
Brandon Lowe,18882,2.6,2.6,3.87,1.27
Rhys Hoskins,16472,2.5,2.2,3.63,1.13
Juan Soto,20123,2.5,4.8,3.73,1.23
Josh Bell,13145,2.5,2.5,4.43,1.93
Willson Contreras,11609,2.5,2.7,3.46,0.96
Francisco Lindor,12916,2.4,4.4,3.42,1.02
Hunter Renfroe,15464,2.4,1.9,3.38,0.98
Ozzie Albies,16556,2.3,4.6,3.34,1.04
Gleyber Torres,16997,2.3,3.6,3.8,1.5
Byron Buxton,14161,2.3,2.7,3.08,0.78
Roberto Perez,2900,2.3,3,2.79,0.49
Mike Moustakas,4892,2.3,2.8,3.67,1.37
Christian Vazquez,9774,2.2,3.5,2.62,0.42
Josh Donaldson,5038,2.2,4.9,3.38,1.18
Tommy La Stella,12371,2.1,2,2.69,0.59
Adalberto Mondesi,13769,2.1,2.4,2.54,0.44
Bryce Harper,11579,2.1,4.6,3.08,0.98
Manny Machado,11493,2.1,3.1,3.14,1.04
Whit Merrifield,11281,2.1,2.9,3.34,1.24
Anthony Rizzo,3473,2.1,4,3.27,1.17
Tommy Pham,2967,2,3.3,2.78,0.78
David Fletcher,17992,2,3.4,2.43,0.43
Daniel Vogelbach,14130,2,1.6,3.2,1.2
Carlos Correa,14162,2,3.2,2.6,0.6
Bryan Reynolds,19326,2,3.2,3.04,1.04
James McCann,12859,2,2.3,2.64,0.64
Alex Verdugo,17027,2,2.2,2.67,0.67
Ramon Laureano,17128,2,3.9,2.84,0.84
Scott Kingery,17975,1.9,2.7,2.62,0.72
Marcell Ozuna,10324,1.9,2.5,3.05,1.15
Mitch Garver,15161,1.9,3.9,2.61,0.71
Brett Gardner,9927,1.9,3.6,2.82,0.92
Lourdes Gurriel Jr.,19238,1.9,1.8,3.01,1.11
Charlie Blackmon,7859,1.9,2,3.65,1.75
Corey Seager,13624,1.8,3.3,2.68,0.88
Elvis Andrus,8709,1.8,1.4,2.55,0.75
Eric Sogard,7927,1.8,2.6,2.51,0.71
Dansby Swanson,18314,1.8,1.5,2.99,1.19
Michael Conforto,16376,1.8,3.7,2.87,1.07
Luke Voit,14811,1.8,1.7,2.91,1.11
Gary Sanchez,11442,1.7,2.3,2.56,0.86
Hunter Dozier,15117,1.7,3,2.12,0.42
Jean Segura,5933,1.7,2.3,2.55,0.85
Tim Anderson,15172,1.7,3.5,2.61,0.91
Matt Olson,14344,1.6,3.9,2.13,0.53
Austin Meadows,15672,1.6,4,2.25,0.65
Joc Pederson,11899,1.6,3,2.45,0.85
Howie Kendrick,4229,1.6,2.9,2.04,0.44
Kevin Kiermaier,11038,1.6,1.5,2.12,0.52
Justin Turner,5235,1.6,3.4,2.04,0.44
David Peralta,2136,1.6,1.7,2.05,0.45
Brian Anderson,18289,1.5,3.1,2.26,0.76
Derek Dietrich,10542,1.5,1.1,2.07,0.57
Shin-Soo Choo,3174,1.5,1.7,3.2,1.7
J.D. Martinez,6184,1.5,3.2,2.71,1.21
Jason Heyward,4940,1.5,1.9,2.14,0.64
Trey Mancini,15149,1.5,3.6,2.38,0.88
Andrew McCutchen,9847,1.5,1.5,2.23,0.73
Yandy Diaz,16578,1.5,1.5,1.93,0.43
Kevin Newman,17696,1.5,2.4,2.09,0.59
Hunter Pence,8252,1.5,1.8,2.43,0.93
Omar Narvaez,13338,1.5,1.8,1.71,0.21
Miguel Rojas,7802,1.5,1.9,2.16,0.66
Jarrod Dyson,4866,1.4,1.3,2.47,1.07
Aaron Judge,15640,1.4,4.6,2.04,0.64
Jonathan Villar,10071,1.4,4,2.64,1.24
Kole Calhoun,11200,1.4,2.5,2.35,0.95
Robinson Chirinos,3142,1.4,2.3,2.07,0.67
Shohei Ohtani,19755,1.4,1.8,1.87,0.47
Freddy Galvis,6609,1.4,1.4,2,0.6
Alex Gordon,5209,1.4,1.3,1.95,0.55
Carson Kelly,13620,1.4,1.9,1.98,0.58
Victor Robles,18363,1.4,2.5,2.22,0.82
Tyler Flowers,9134,1.4,2.1,2.19,0.79
Andrew Benintendi,17901,1.4,2,2.02,0.62
Kolten Wong,12532,1.3,3.7,2.34,1.04
Nelson Cruz,2434,1.3,4.3,1.53,0.23
Christian Walker,13419,1.3,2.2,2.24,0.94
Jason Castro,8722,1.3,1.6,1.85,0.55
Jay Bruce,9892,1.3,0.6,2.05,0.75
Tom Murphy,13499,1.3,3.2,1.66,0.36
Adam Frazier,15223,1.3,2.2,2.16,0.86
Eric Thames,3711,1.3,1.9,1.7,0.4
Chris Taylor,13757,1.3,1.7,2.05,0.75
Trea Turner,16252,1.3,3.5,2.18,0.88
Mark Canha,11445,1.2,4,1.65,0.45
Nick Ahmed,12147,1.2,2.4,2.06,0.86
Edwin Encarnacion,2151,1.2,2.5,2.82,1.62
Andrelton Simmons,10847,1.2,1.7,1.84,0.64
Cesar Hernandez,10556,1.2,1.7,2.02,0.82
Giovanny Urshela,10681,1.2,3.1,1.46,0.26
Giovanny Urshela,10681,1.2,3.1,1.46,0.26
Starling Marte,9241,1.2,3,2.1,0.9
Jake Marisnick,11339,1.1,1.1,1.54,0.44
J.P. Crawford,15491,1.1,1.3,1.64,0.54
Eddie Rosario,12155,1.1,1.2,1.96,0.86
Mitch Haniger,14274,1.1,1.1,1.62,0.52
Evan Longoria,9368,1.1,2,1.78,0.68
Eugenio Suarez,12552,1.1,4.5,1.76,0.66
David Dahl,13744,1.1,1.4,1.98,0.88
Leury Garcia,5913,1.1,1.3,1.96,0.86
Avisail Garcia,5760,1.1,1.8,1.42,0.32
Garrett Cooper,15279,1.1,1.3,1.39,0.29
David Freese,9549,1.1,1.4,1.6,0.5
Willy Adames,15986,1.1,2.8,1.76,0.66
Paul Goldschmidt,9218,1.1,2.9,2.03,0.93
Pablo Sandoval,5409,1.1,1,1.36,0.26
Dexter Fowler,4062,1,1.5,1.46,0.46
Yordan Alvarez,19556,1,3.8,1.73,0.73
Amed Rosario,15518,1,2.7,1.94,0.94
Todd Frazier,785,1,1.9,1.67,0.67
Danny Jansen,16535,1,1.4,1.61,0.61
Dominic Smith,15653,1,0.8,1.68,0.68
Buster Posey,9166,1,1.8,1.62,0.62
Domingo Santana,10348,1,0,2.9,1.9
Alex Avila,7476,1,1.3,1.49,0.49
Cameron Maybin,5223,1,1.6,1.65,0.65
Robbie Grossman,5254,1,0.8,1.76,0.76
Jonathan Schoop,11265,1,1.3,1.53,0.53
Brian Dozier,9810,1,1.7,1.71,0.71
Niko Goodrum,12092,1,1.9,1.85,0.85
Luis Arraez,18568,1,2.1,1.72,0.72
Jose Abreu,15676,1,1.9,1.89,0.89
Nicholas Castellanos,11737,0.9,2.8,1.62,0.72
Nicholas Castellanos,11737,0.9,2.8,1.62,0.72
Josh Reddick,3892,0.9,1,1.64,0.74
Marwin Gonzalez,5497,0.9,1.4,1.56,0.66
Austin Riley,18360,0.9,0.2,1.48,0.58
Brian McCann,4810,0.9,1.1,1.77,0.87
Jordan Luplow,16424,0.9,2.2,1.42,0.52
Adam Eaton,11205,0.9,2.3,2.08,1.18
Logan Forsythe,7185,0.9,0.2,1.7,0.8
Miguel Sano,12164,0.9,2.7,1.31,0.41
David Bote,14593,0.9,1.5,1.45,0.55
Michael Chavis,17321,0.9,0.7,1.41,0.51
Greg Garcia,10951,0.9,1.4,1.76,0.86
Jackie Bradley Jr.,12984,0.8,1.4,1.68,0.88
Cavan Biggio,19252,0.8,2.4,1.46,0.66
Austin Hedges,12976,0.8,1.4,1,0.2
Harrison Bader,18030,0.8,1.8,1.74,0.94
Brian Goodwin,12858,0.8,1.9,1.44,0.64
Jorge Alfaro,12180,0.8,1.3,1.62,0.82
Cesar Puello,7216,0.8,1,1.39,0.59
Yuli Gurriel,19198,0.8,3.2,1.6,0.8
Aaron Hicks,5297,0.8,1.1,1.66,0.86
Brandon Belt,10264,0.8,0.5,1.68,0.88
Yasiel Puig,14225,0.8,1.2,1.64,0.84
Franmil Reyes,14566,0.8,1,1.3,0.5
Victor Caratini,14968,0.8,1.4,1.24,0.44
Tyler Naquin,13359,0.8,1.5,1.47,0.67
Russell Martin,4616,0.7,1.2,0.92,0.22
Pedro Severino,14523,0.7,0.5,1.01,0.31
Hanser Alberto,11902,0.7,1.9,1.2,0.5
Manuel Margot,14712,0.7,1.6,1.04,0.34
Danny Santana,10322,0.7,1.9,1.13,0.43
Luis Rengifo,19858,0.7,1.2,1.09,0.39
Nick Senzel,19293,0.7,0.7,1.17,0.47
Ji-Man Choi,5452,0.7,1.9,0.92,0.22
Austin Barnes,12158,0.7,0.7,1.02,0.32
Oscar Mercado,16375,0.7,1.7,1.19,0.49
Jose Ramirez,13510,0.7,3.3,1.19,0.49
Jose Ramirez,13510,0.7,3.3,1.19,0.49
Jose Altuve,5417,0.6,3.5,0.96,0.36
Delino DeShields,11379,0.6,0.8,0.94,0.34
Wilson Ramos,1433,0.6,1.4,1.11,0.51
C.J. Cron,12546,0.6,0.3,0.77,0.17
Jose Iglesias,10231,0.6,1.6,1.03,0.43
Colin Moran,16909,0.6,0.1,0.68,0.08
Matt Carpenter,8090,0.6,1.2,1.17,0.57
Tony Kemp,14894,0.6,0.3,1.25,0.65
Terrance Gore,13658,0.6,0.6,0.89,0.29
Alex Dickerson,12649,0.6,0.5,0.53,-0.07
Jose Osuna,12937,0.6,0,0.72,0.12
Chance Sisco,15694,0.6,-0.2,0.68,0.08
Eloy Jimenez,17484,0.6,1.9,0.76,0.16
Ben Gamel,12160,0.6,0.9,0.99,0.39
Jorge Soler,14221,0.6,3.6,0.96,0.36
Curt Casali,12510,0.6,1,0.83,0.23
Myles Straw,17620,0.6,0.9,0.76,0.16
Matt Joyce,3353,0.6,1.2,0.71,0.11
Chad Pinder,15191,0.6,0.8,0.89,0.29
Charlie Culberson,3298,0.6,0.3,0.55,-0.05
Ehire Adrianza,8418,0.6,0.6,0.94,0.34
Kevin Pillar,12434,0.5,1.5,1.24,0.74
Josh Phegley,9308,0.5,0.3,0.94,0.44
Asdrubal Cabrera,4962,0.5,1.9,1.16,0.66
Brock Holt,9345,0.5,1.3,0.65,0.15
Mike Tauchman,15274,0.5,2.6,0.59,0.09
Orlando Arcia,13185,0.5,-0.4,1.12,0.62
J.D. Davis,16219,0.5,2.4,0.75,0.25
Renato Nunez,14503,0.5,0.6,0.72,0.22
Eric Hosmer,3516,0.5,-0.4,1.01,0.51
Tommy Edman,19470,0.5,3.2,0.66,0.16
Jacob Stallings,13723,0.5,1.3,0.82,0.32
Enrique Hernandez,10472,0.5,1.2,0.96,0.46
Nick Markakis,5930,0.5,0.4,1.14,0.64
Mike Freeman,11241,0.5,1,0.54,0.04
Austin Slater,16153,0.5,0.7,0.71,0.21
Kyle Seager,9785,0.5,2.9,0.8,0.3
Yolmer Sanchez,11602,0.4,1,0.72,0.32
Kyle Schwarber,16478,0.4,2.6,0.99,0.59
Justin Smoak,9054,0.4,0.2,0.87,0.47
Lorenzo Cain,9077,0.4,1.5,0.97,0.57
Marco Hernandez,13154,0.4,-0.4,0.56,0.16
Aledmys Diaz,15937,0.4,1.1,0.47,0.07
Mitch Moreland,3086,0.4,0.7,0.77,0.37
Ryan Braun,3410,0.4,1.9,0.86,0.46
Billy Hamilton,10199,0.4,0.4,0.61,0.21
Brad Miller,12775,0.4,1.2,0.41,0.01
Tim Locastro,15124,0.4,0.9,0.59,0.19
Joey Votto,4314,0.4,0.7,1.1,0.7
Kevan Smith,12284,0.4,-0.2,0.49,0.09
Martin Maldonado,6887,0.4,0.8,0.81,0.41
Kurt Suzuki,8259,0.4,0.6,0.61,0.21
Addison Russell,14106,0.4,0.5,0.69,0.29
Michael Brosseau,19683,0.4,0.7,0.48,0.08
Derek Fisher,16192,0.4,0,0.9,0.5
Melky Cabrera,4022,0.4,-0.7,0.81,0.41
Jose Martinez,7996,0.4,0.3,0.68,0.28
Jason Kipnis,9776,0.3,1.1,0.97,0.67
Clint Frazier,15983,0.3,0.1,0.53,0.23
Will Smith,19197,0.3,1.7,0.42,0.12
Robel Garcia,13167,0.3,0.1,0.54,0.24
Thairo Estrada,16426,0.3,0.2,0.44,0.14
Didi Gregorius,6012,0.3,0.9,0.6,0.3
Jeimer Candelario,13621,0.3,0.3,0.7,0.4
Dee Gordon,8203,0.3,0.5,0.55,0.25
Travis d'Arnaud,7739,0.3,1.6,0.89,0.59
Mallex Smith,13608,0.3,0,0.69,0.39
Neil Walker,7539,0.3,0.4,0.68,0.38
Dustin Garneau,9433,0.3,0.7,0.45,0.15
Chad Wallach,17161,0.3,0.3,0.54,0.24
Mike Zunino,13265,0.3,0.3,0.61,0.31
Brandon Nimmo,12927,0.3,1.3,0.7,0.4
Jesse Winker,13590,0.3,1,0.87,0.57
Jon Berti,12037,0.2,1.7,0.37,0.17
Stephen Piscotty,13367,0.2,0.6,0.52,0.32
Stephen Vogt,5000,0.2,0.9,0.36,0.16
Manny Pina,2829,0.2,1.1,0.44,0.24
John Ryan Murphy,10346,0.2,0.2,0.58,0.38
Chris Herrmann,9284,0.2,-0.3,0.57,0.37
Beau Taylor,12384,0.2,0,0.58,0.38
Anthony Santander,14551,0.2,0.7,0.33,0.13
Shed Long,16542,0.2,0.7,0.41,0.21
Shed Long,16542,0.2,0.7,0.41,0.21
Guillermo Heredia,18721,0.2,0.3,0.31,0.11
Tim Federowicz,8609,0.2,-0.2,0.53,0.33
Franchy Cordero,14567,0.2,0,0.59,0.39
Tim Beckham,7949,0.2,0.4,0.54,0.34
Keston Hiura,20003,0.2,2.1,0.53,0.33
Matt Adams,9393,0.2,-0.1,0.74,0.54
Lane Thomas,16939,0.2,0,0.53,0.33
Ian Desmond,6885,0.2,-0.3,0.71,0.51
Donovan Solano,8623,0.2,1.3,0.37,0.17
Tyler Austin,11850,0.2,0.3,0.72,0.52
Kevin Plawecki,13807,0.2,0.2,0.47,0.27
Austin Nola,15941,0.2,1.5,0.46,0.26
Giancarlo Stanton,4949,0.2,0.4,0.57,0.37
Wil Myers,10047,0.2,0.5,0.68,0.48
Michael Perez,12977,0.2,0.1,0.41,0.21
Adam Jones,6368,0.2,-0.1,0.55,0.35
Harold Ramirez,14387,0.2,0.4,0.61,0.41
Willie Calhoun,17838,0.2,0.5,0.29,0.09
Yadier Molina,7007,0.1,1.2,0.77,0.67
Gordon Beckham,9015,0.1,-0.1,0.34,0.24
Justin Upton,5222,0.1,-0.2,0.33,0.23
Adeiny Hechavarria,10459,0.1,0.7,0.68,0.58
Mike Yastrzemski,14854,0.1,2.2,0.49,0.39
Jurickson Profar,10815,0.1,1.3,0.62,0.52
Wilfredo Tovar,10416,0.1,-0.1,0.07,-0.03
Jacob Nottingham,16448,0.1,0,0.58,0.48
Aramis Garcia,16925,0.1,0,0.41,0.31
Randal Grichuk,10243,0.1,0.5,0.53,0.43
Phillip Ervin,14738,0.1,0.6,0.32,0.22
Tony Wolters,11470,0.1,-0.5,0.63,0.53
Sean Rodriguez,6589,0.1,0.4,0.28,0.18
Miguel Cabrera,1744,0.1,-0.3,0.54,0.44
Edwin Rios,18316,0.1,0.4,0.51,0.41
Anthony Bemboom,13854,0.1,-0.2,0.57,0.47
Nomar Mazara,14553,0.1,0.5,0.54,0.44
Rajai Davis,3708,0.1,0,0.59,0.49
Tomas Nido,13755,0.1,-0.5,0.49,0.39
Kyle Garlick,18063,0.1,0.3,0.54,0.44
Ronny Rodriguez,11875,0.1,0.2,0.43,0.33
Brandon Dixon,15214,0.1,-0.1,0.7,0.6
Bryan Holaday,11287,0.1,-0.3,0.33,0.23
Jorge Bonifacio,12174,0.1,0,0.42,0.32
Corey Dickerson,10762,0.1,1,0.32,0.22
Jake Bauers,15194,0.1,-0.4,0.4,0.3
Adam Engel,15082,0.1,0.8,0.19,0.09
Kevin Cron,16211,0.1,0.1,0.38,0.28
Nathaniel Lowe,19566,0.1,0.5,0.25,0.15
Nathaniel Lowe,19566,0.1,0.5,0.25,0.15
Greg Allen,16623,0.1,0.1,0.46,0.36
Yairo Munoz,16313,0,-0.2,0.32,0.32
Chris Iannetta,8267,0,-0.5,0.37,0.37
Troy Tulowitzki,3531,0,0,0.88,0.88
Kevin Kramer,17689,0,-0.5,0.16,0.16
Mike Ford,15585,0,0.8,0.22,0.22
Kyle Higashioka,5517,0,0.4,0.25,0.25
Charlie Tilson,12983,0,-0.2,-0.05,-0.05
Charlie Tilson,12983,0,-0.2,-0.05,-0.05
Andrew Stevenson,17932,0,0,0.07,0.07
Jake Lamb,13329,0,0,0.23,0.23
Christian Arroyo,16434,0,0,0.34,0.34
Breyvic Valera,12758,0,0.2,0.31,0.31
Max Stassi,10059,0,-0.3,0.09,0.09
Skye Bolt,17723,0,0,0.11,0.11
Tzu-Wei Lin,14678,0,0,0.05,0.05
Cheslor Cuthbert,10473,0,-0.8,0.33,0.33
JaCoby Jones,14818,0,-0.2,0.55,0.55
Brandon Crawford,5343,0,0.4,0.2,0.2
Victor Reyes,15487,0,1.6,0.09,0.09
Joey Wendle,13853,0,0.6,-0.03,-0.03
Matt Beaty,17710,0,0.6,0.41,0.41
Kyle Farmer,14813,0,-0.1,0.58,0.58
Taylor Davis,12782,0,0,0.58,0.58
Adam Haseley,19878,0,0.9,0.12,0.12
Sheldon Neuse,19635,0,0.1,0.06,0.06
Sean Murphy,19352,0,0.6,0.06,0.06
Wilmer Flores,5827,0,1.1,0.27,0.27
Austin Allen,18083,0,-0.3,0.18,0.18
Dylan Moore,18042,0,0.4,0.1,0.1
Mauricio Dubon,16530,0,0.2,0.07,0.07
Dylan Cozens,15115,0,0,0.07,0.07
Ryan Zimmerman,4220,0,0.1,0.27,0.27
Kelvin Gutierrez,17468,0,0,0.34,0.34
David Freitas,10619,0,0,0.02,0.02
Hernan Perez,5751,0,-0.2,0.35,0.35
Ryan McMahon,15112,0,0.6,0.57,0.57
LaMonte Wade,18126,0,-0.2,0.19,0.19
LaMonte Wade,18126,0,-0.2,0.19,0.19
Wilkin Castillo,5124,0,0,0.14,0.14
Harold Castro,14691,0,-0.3,0.31,0.31
Domingo Leyba,16404,0,0,0.18,0.18
Noel Cuevas,11894,0,0,0.09,0.09
Mitch Walding,13006,0,0,0.06,0.06
Jesus Aguilar,11342,-0.1,-0.1,0.13,0.23
Nick Ciuffo,16291,-0.1,0,0.19,0.29
Sandy Leon,5273,-0.1,-0.2,-0.01,0.09
Vladimir Guerrero Jr.,19611,-0.1,0.4,0.16,0.26
Ryan Cordell,15181,-0.1,-0.2,0.11,0.21
JB Shuck,6677,-0.1,-0.1,-0.01,0.09
Tyler Wade,15730,-0.1,0.3,0.07,0.17
Khris Davis,9112,-0.1,-1,0.01,0.11
Jason Martin,16429,-0.1,0,0.07,0.17
Ender Inciarte,4922,-0.1,0.9,0.01,0.11
Greg Bird,14131,-0.1,0,-0.03,0.07
Ichiro Suzuki,1101,-0.1,0,0.01,0.11
Rio Ruiz,14103,-0.1,0.4,0.15,0.25
Jim Adduci,6448,-0.1,0,0.04,0.14
Drew Jackson,17807,-0.1,0,-0.07,0.03
Anthony Alford,14329,-0.1,0,0.01,0.11
Ben Zobrist,7435,-0.1,0.2,-0.01,0.09
Tyler White,15564,-0.1,-0.7,0.04,0.14
Jared Walsh,18607,-0.1,-0.2,0.12,0.22
Eric Haase,14111,-0.1,0,-0.02,0.08
Drew Robinson,11761,-0.1,0,0.08,0.18
Humberto Arteaga,13595,-0.1,-0.7,0.13,0.23
Daniel Murphy,4316,-0.1,-0.2,0.3,0.4
Erik Gonzalez,13369,-0.1,-0.1,0.13,0.23
Caleb Joseph,7087,-0.1,0,-0.03,0.07
Yu-Cheng Chang,14773,-0.1,-0.2,0.04,0.14
Yu-Cheng Chang,14773,-0.1,-0.2,0.04,0.14
Jon Jay,5227,-0.1,-0.9,0.1,0.2
Rangel Ravelo,10839,-0.1,0,-0.02,0.08
Luke Maile,13355,-0.1,-0.3,-0.04,0.06
Josh VanMeter,15170,-0.1,0.2,0.09,0.19
Seby Zavala,18887,-0.1,0,0.17,0.27
Michael Reed,13228,-0.1,0,0.04,0.14
Richard Urena,16411,-0.1,-0.2,0.14,0.24
Austin Wynns,15271,-0.1,-0.3,0.08,0.18
Jose Pirela,5485,-0.1,0,0.04,0.14
Carlos Gomez,4881,-0.1,-0.1,0.09,0.19
Jake Noll,19703,-0.1,0,-0.04,0.06
Yan Gomes,9627,-0.1,0.8,0.09,0.19
Albert Almora Jr.,14109,-0.1,-0.7,0.35,0.45
Garrett Stubbs,18067,-0.1,0,-0.02,0.08
Matt Thaiss,19318,-0.1,0.1,0.07,0.17
Ryon Healy,15447,-0.1,-0.1,0.17,0.27
Tyler O'Neill,15711,-0.2,0,0.06,0.26
Ty France,17982,-0.2,0,0.1,0.3
Gerardo Parra,8553,-0.2,-0.2,-0,0.2
Matt Wieters,4298,-0.2,-0.3,0.4,0.6
Mark Zagunis,16565,-0.2,0,0.15,0.35
Jack Mayfield,15402,-0.2,-0.2,-0.07,0.13
Andrew Knapp,14942,-0.2,0.2,-0.12,0.08
Connor Joe,16572,-0.2,0,-0.07,0.13
Phil Gosselin,10953,-0.2,-0.1,0.06,0.26
Drew Butera,3411,-0.2,0,-0.01,0.19
Ian Kinsler,6195,-0.2,-0.2,0.24,0.44
Taylor Ward,17548,-0.2,0,-0.01,0.19
Rowdy Tellez,15679,-0.2,0.1,-0.02,0.18
Jarrett Parker,11624,-0.2,0,-0.05,0.15
Gregory Polanco,12907,-0.2,-0.2,0.26,0.46
Jesus Sucre,5942,-0.2,-0.2,-0,0.2
Francisco Cervelli,5275,-0.2,0.1,-0.14,0.06
Joey Rickard,13277,-0.2,-0.1,-0.13,0.07
Andrew Knizner,19514,-0.2,-0.2,-0.05,0.15
Adrian Sanchez,11338,-0.2,0,0.09,0.29
Andrew Velazquez,14196,-0.2,0,-0.05,0.15
Dustin Peterson,15189,-0.2,0,0.01,0.21
Luis Guillorme,16451,-0.2,0.2,-0.07,0.13
Max Moroff,14556,-0.2,0,-0.11,0.09
Hanley Ramirez,8001,-0.2,-0.2,-0.12,0.08
Robinson Cano,3269,-0.2,0.8,0.02,0.22
Joe Panik,11936,-0.2,0.2,0.08,0.28
Rocky Gale,10533,-0.2,0,0.01,0.21
Mike Gerber,16115,-0.2,0,-0.08,0.12
Jedd Gyorko,10816,-0.2,-0.7,-0.13,0.07
Luis Urias,16622,-0.2,0.1,-0.14,0.06
Cole Tucker,17326,-0.2,0,-0.14,0.06
Justin Bour,9744,-0.2,-0.4,-0.06,0.14
Cam Gallagher,12981,-0.2,0.3,-0.11,0.09
Brandon Drury,11615,-0.2,-0.6,0.01,0.21
Alex Jackson,17276,-0.2,0,-0.07,0.13
Nick Hundley,3376,-0.3,-0.3,-0.13,0.17
Nicky Lopez,19339,-0.3,-0.2,-0.16,0.14
Franklin Barreto,15519,-0.3,-0.6,-0.31,-0.01
Ildemaro Vargas,13324,-0.3,0,-0.03,0.27
Bobby Bradley,17278,-0.3,0,-0.01,0.29
Bobby Wilson,6564,-0.3,0,-0.22,0.08
Yadiel Rivera,11863,-0.3,-0.4,-0.19,0.11
Willians Astudillo,15608,-0.3,-0.2,0.08,0.38
Zack Collins,19181,-0.3,-0.3,-0.37,-0.07
Tucker Barnhart,10200,-0.3,0.7,-0.12,0.18
Billy McKinney,15654,-0.3,0,-0.19,0.11
D.J. Stewart,17766,-0.3,-0.3,-0.25,0.05
D.J. Stewart,17766,-0.3,-0.3,-0.25,0.05
Jake Cave,14477,-0.3,0.9,-0.29,0.01
Austin Romine,5491,-0.3,0.9,-0.16,0.14
Yangervis Solarte,5352,-0.3,-0.3,-0.17,0.13
Josh Fuentes,16885,-0.3,-0.2,-0.17,0.13
Patrick Wisdom,13602,-0.3,0,-0.14,0.16
Braden Bishop,17806,-0.3,-0.5,-0.24,0.06
Francisco Mejia,16403,-0.3,0.5,-0.21,0.09
Wilmer Difo,14320,-0.3,-0.2,-0.23,0.07
Michael A. Taylor,11489,-0.3,0,-0.28,0.02
Daniel Robertson,14145,-0.3,-0.3,-0.15,0.15
Albert Pujols,1177,-0.3,-0.4,-0.13,0.17
Yonathan Daza,15794,-0.3,-0.6,-0.23,0.07
Scooter Gennett,10339,-0.3,-0.5,-0.19,0.11
Jordy Mercer,6547,-0.3,0.6,-0.25,0.05
Jonathan Lucroy,7870,-0.3,-0.5,-0.02,0.28
Tyler Saladino,10807,-0.3,-0.4,-0.27,0.03
Frank Schwindel,15351,-0.4,0,-0.27,0.13
Erik Kratz,4403,-0.4,-0.4,-0.34,0.06
Dustin Pedroia,8370,-0.4,0,-0.34,0.06
Odubel Herrera,11476,-0.4,-0.4,-0.28,0.12
Elias Diaz,11680,-0.4,-1.5,-0.07,0.33
Pat Valaika,14885,-0.4,-0.3,-0.34,0.06
Maikel Franco,12179,-0.4,-0.5,0.21,0.61
Dawel Lugo,14713,-0.4,-0.6,-0.22,0.18
A.J. Pollock,9256,-0.4,0.9,-0.21,0.19
Blake Swihart,13176,-0.4,-0.5,-0.23,0.17
Mac Williamson,14158,-0.4,-0.5,-0.25,0.15
Jonathan Davis,15104,-0.4,-0.1,-0.35,0.05
Isaac Galloway,5238,-0.4,-0.4,-0.34,0.06
Peter O'Brien,13288,-0.4,0,-0.26,0.14
Isiah Kiner-Falefa,16512,-0.4,-1,-0.24,0.16
Lewis Brinson,14352,-0.4,-1.7,-0.24,0.16
Sam Travis,16263,-0.5,-0.9,-0.61,-0.11
Jake Elmore,7290,-0.5,0,-0.57,-0.07
Steven Duggar,17719,-0.5,-0.5,-0.39,0.11
Alen Hanson,12926,-0.5,0,-0.68,-0.18
Teoscar Hernandez,13066,-0.5,1.2,-0.33,0.17
Dwight Smith Jr.,13473,-0.5,-0.8,-0.18,0.32
Dwight Smith Jr.,13473,-0.5,-0.8,-0.18,0.32
Jose Rondon,14140,-0.5,-0.6,-0.45,0.05
Roman Quinn,13546,-0.5,0.1,-0.71,-0.21
Johan Camargo,14950,-0.5,-0.5,-0.36,0.14
Josh Naylor,18839,-0.5,-0.2,-0.38,0.12
J.T. Riddle,17642,-0.5,-0.6,-0.39,0.11
J.T. Riddle,17642,-0.5,-0.6,-0.39,0.11
Nicky Delmonico,13157,-0.5,-0.5,-0.44,0.06
Ronald Guzman,14388,-0.5,-0.3,0.01,0.51
Welington Castillo,3256,-0.5,-1,-0.21,0.29
Carter Kieboom,19958,-0.5,0,-0.59,-0.09
Rougned Odor,12282,-0.5,0.3,-0,0.5
Pablo Reyes,16357,-0.5,-0.5,-0.74,-0.24
Peter Bourjos,2578,-0.5,0,-0.62,-0.12
Raimel Tapia,14350,-0.5,-0.9,-0.13,0.37
Steve Wilkerson,16041,-0.5,-0.6,-0.33,0.17
Steve Wilkerson,16041,-0.5,-0.6,-0.33,0.17
Jose Peraza,13593,-0.5,-0.6,-0.33,0.17
Mikie Mahtook,13130,-0.6,0,-0.72,-0.12
Rosell Herrera,11611,-0.6,-0.6,-0.37,0.23
Keon Broxton,9253,-0.6,-0.8,-0.5,0.1
Leonys Martin,11846,-0.6,-0.6,-0.34,0.26
Daniel Descalso,8392,-0.6,-0.8,-0.44,0.16
Chris Owings,10030,-0.6,-0.8,-0.56,0.04
Nick Williams,14330,-0.6,-0.9,-0.66,-0.06
Carlos Gonzalez,7287,-0.6,-0.6,-0.42,0.18
Travis Shaw,11982,-0.6,-0.8,-0.39,0.21
Josh Harrison,8202,-0.6,-0.6,-0.53,0.07
Scott Schebler,12225,-0.6,-0.6,-0.59,0.01
Aaron Altherr,11270,-0.6,-0.9,-0.69,-0.09
Brendan Rodgers,17907,-0.6,-0.6,-0.54,0.06
Austin Dean,18288,-0.6,-0.7,-0.48,0.12
Eric Stamets,13795,-0.7,0,-0.67,0.03
Jung Ho Kang,17182,-0.7,-0.9,-0.47,0.23
Mark Reynolds,7619,-0.7,-0.8,-0.5,0.2
Socrates Brito,12944,-0.7,0,-0.81,-0.11
Christin Stewart,17714,-0.7,-1.2,-0.19,0.51
Martin Prado,3312,-0.7,-1.2,-0.6,0.1
Ryan O'Hearn,16442,-0.7,-1,-0.48,0.22
Cedric Mullins II,17929,-0.8,-0.8,-0.75,0.05
Cedric Mullins II,17929,-0.8,-0.8,-0.75,0.05
Starlin Castro,4579,-0.8,1.3,-0.36,0.44
Chris Davis,9272,-0.8,-1.3,-0.62,0.18
Matt Kemp,5631,-0.8,-0.8,-0.67,0.13
Kendrys Morales,8610,-0.8,-0.8,-0.59,0.21
Eduardo Nunez,6848,-0.9,-1,-0.56,0.34
Steve Pearce,9957,-0.9,-0.9,-0.67,0.23
Zack Cozart,2616,-0.9,-0.9,-0.76,0.14
Lucas Duda,2502,-0.9,-1,-0.67,0.23
John Hicks,12547,-0.9,-1.2,-0.6,0.3
Grayson Greiner,17062,-1,-0.9,-0.76,0.24
Garrett Hampson,19262,-1,-0.2,-0.62,0.38
Juan Lagares,5384,-1,-0.8,-0.74,0.26
Daniel Palka,14897,-1,-1.3,-0.85,0.15
Miguel Andujar,15878,-1,0,-0.86,0.14
Curtis Granderson,4747,-1.1,-1.4,-0.47,0.63
Richie Martin Jr.,17736,-1.1,-1,-0.69,0.41
Richie Martin Jr.,17736,-1.1,-1,-0.69,0.41
Yonder Alonso,2530,-1.3,-1.2,-0.72,0.58
Jeff Mathis,3448,-1.4,-2.1,-0.9,0.5
Francisco Arcia,10286,0,0,0,0
Rafael Ortega,10323,0,0,0,0
Bryce Brentz,10607,0,0,0,0
Adam Duvall,10950,0,0,0,0
Travis Taijeron,11935,0,0,0,0
Nick Martini,12005,0,0,0,0
Matt Skole,12119,0,0,0,0
Juniel Querecuto,12140,0,0,0,0
Cory Spangenberg,12294,0,0,0,0
Jace Peterson,12325,0,0,0,0
Dalton Pompey,12797,0,0,0,0
Spencer Kieboom,13300,0,0,0,0
Bubba Starling,13356,0,0,0,0
Tyrone Taylor,13675,0,0,0,0
Travis Jankowski,13768,0,0,0,0
Matt Duffy,13836,0,0,0,0
Mike Miller,13891,0,0,0,0
Tim Lopes,14137,0,0,0,0
Dilson Herrera,14335,0,0,0,0
Scott Heineman,14453,0,0,0,0
Brett Phillips,14735,0,0,0,0
Ian Miller,15156,0,0,0,0
Stuart Turner,15207,0,0,0,0
Nate Orf,15407,0,0,0,0
Aristides Aquino,15482,0,0,0,0
Reese McGuire,15674,0,0,0,0
Raudy Read,15766,0,0,0,0
Rafael Bautista,15769,0,0,0,0
Travis Demeritte,15958,0,0,0,0
Deivy Grullon,15988,0,0,0,0
Bradley Zimmer,16221,0,0,0,0
AJ Reed,16246,0,0,0,0
A.J. Reed,16246,0,0,0,0
Alex Blandino,16271,0,0,0,0
Michael Hermosillo,16285,0,0,0,0
Ryan McBroom,16524,0,0,0,0
Jose Trevino,16725,0,0,0,0
Brian O'Grady,16729,0,0,0,0
Gavin Cecchini,17005,0,0,0,0
Edmundo Sosa,17022,0,0,0,0
Meibrys Viloria,17109,0,0,0,0
Willi Castro,17338,0,0,0,0
Blake Trahan,17588,0,0,0,0
Chris Shaw,17738,0,0,0,0
Ian Happ,17919,0,0,0,0
Isan Diaz,17922,0,0,0,0
Sam Hilliard,17954,0,0,0,0
Kevin Kaczmarski,18146,0,0,0,0
Seth Brown,18171,0,0,0,0
Nick Dini,18206,0,0,0,0
Kyle Tucker,18345,0,0,0,0
Trent Grisham,18564,0,0,0,0
Danny Mendick,18889,0,0,0,0
Randy Arozarena,19290,0,0,0,0
Nick Solak,19294,0,0,0,0
Donovan Walton,19314,0,0,0,0
Austin Hays,19363,0,0,0,0
Jake Rogers,19452,0,0,0,0
Kyle Lewis,19508,0,0,0,0
Jaylin Davis,19552,0,0,0,0
Bo Bichette,19612,0,0,0,0
Josh Rojas,19734,0,0,0,0
Abraham Toro,19844,0,0,0,0
Gavin Lux,19955,0,0,0,0
Gorkys Hernandez,4146,0,0,0,0
Kristopher Negron,5306,0,0,0,0
Corban Joseph,5503,0,0,0,0
Alberto Rosario,7125,0,0,0,0
Ryan Goins,9807,0,0,0,0
Gaspar Palacio,sa187955,0,0,0,0
Wilmer Perez,sa3002634,0,0,0,0
Jose Curpa,sa3002703,0,0,0,0
Sandy Martinez,sa3002707,0,0,0,0
Juan Aparicio,sa3002710,0,0,0,0
Axel Andueza,sa3002712,0,0,0,0
Lazaro Alonso,sa3002722,0,0,0,0
Brandon Sandoval,sa3002728,0,0,0,0
Tanner Nishioka,sa3002754,0,0,0,0
Evan Mendoza,sa3002836,0,0,0,0
Daulton Varsho,sa3002838,0,0,0,0
Jordan Wren,sa3002843,0,0,0,0
Jesus Maestre,sa3002854,0,0,0,0
Tucupita Marcano,sa3002857,0,0,0,0
Chris Hess,sa3002877,0,0,0,0
Brandon Benson,sa3002879,0,0,0,0
Christopher Morel,sa3003171,0,0,0,0
Brent Rooker,sa3003172,0,0,0,0
Ernesto Martinez,sa3003173,0,0,0,0
Fidel Castro,sa3003175,0,0,0,0
Hagen Owenby,sa3003180,0,0,0,0
Marcos Brito,sa3003183,0,0,0,0
Yerdel Vargas,sa3003184,0,0,0,0
Robert Javier,sa3003187,0,0,0,0
Erik Pena,sa3003190,0,0,0,0
Ivan Herrera,sa3003191,0,0,0,0
Ranser Amador,sa3003192,0,0,0,0
Rafael Lantigua,sa3003219,0,0,0,0
Jordan Diaz,sa3003221,0,0,0,0
Julio De La Cruz,sa3003224,0,0,0,0
Gabriel Moreno,sa3003226,0,0,0,0
Wilfred Astudillo,sa3003236,0,0,0,0
Maikel Garcia,sa3003246,0,0,0,0
Eliezer Alfonzo,sa3003262,0,0,0,0
Warling Vicente,sa3003277,0,0,0,0
Jose Peroza,sa3003288,0,0,0,0
Geraldo Perdomo,sa3003290,0,0,0,0
Jose Devers,sa3003295,0,0,0,0
Oswald Peraza,sa3003305,0,0,0,0
Anthony Coronado,sa3003314,0,0,0,0
Carlos Soler,sa3003320,0,0,0,0
Wenceel Perez,sa3003326,0,0,0,0
Pablo Abreu,sa3003329,0,0,0,0
Deury Carrasco,sa3003330,0,0,0,0
Jeikol Contreras,sa3003333,0,0,0,0
Alexander Samuel,sa3003344,0,0,0,0
Yowelfy Rosario,sa3003346,0,0,0,0
Sebastian Espino,sa3003347,0,0,0,0
Kenneth Betancourt,sa3003350,0,0,0,0
Luis Robert,sa3003396,0,0,0,0
Deybert Lozano,sa3003410,0,0,0,0
Marlon Marcano,sa3003421,0,0,0,0
Jonathan Soto,sa3003428,0,0,0,0
Chase Pinder,sa3003961,0,0,0,0
Jake Adams,sa3003962,0,0,0,0
Billy Cooke,sa3003963,0,0,0,0
Ryan Grotjohn,sa3003964,0,0,0,0
Cole Peterson,sa3003965,0,0,0,0
Luis Campusano,sa3004041,0,0,0,0
Cash Case,sa3004042,0,0,0,0
Gabriel Arias,sa3004047,0,0,0,0
Marcus Chiu,sa3004060,0,0,0,0
Connor Hoover,sa3004061,0,0,0,0
Zane Gurwitz,sa3004062,0,0,0,0
Luis Roman,sa3004063,0,0,0,0
Robbie Podorsky,sa3004066,0,0,0,0
Michael Cooper,sa3004072,0,0,0,0
Pat McInerney,sa3004078,0,0,0,0
Logan Farrar,sa3004126,0,0,0,0
Laz Rivera,sa3004128,0,0,0,0
Mitch Reeves,sa3004137,0,0,0,0
Agustin Ruiz,sa3004149,0,0,0,0
Victor Ruiz,sa3004150,0,0,0,0
Blake Hunt,sa3004153,0,0,0,0
Brewer Hicklen,sa3004159,0,0,0,0
Mark Contreras,sa3004164,0,0,0,0
Zach Reks,sa3004166,0,0,0,0
Nate Scantlin,sa3004168,0,0,0,0
Austin Listi,sa3004170,0,0,0,0
Chas McCormick,sa3004174,0,0,0,0
Renae Martinez,sa3004255,0,0,0,0
Royce Lewis,sa3004259,0,0,0,0
Alison Quintero,sa3004266,0,0,0,0
Otto Lopez,sa3004268,0,0,0,0
Davis Tavarez,sa3004271,0,0,0,0
Mason House,sa3004278,0,0,0,0
Cameron Baranek,sa3004281,0,0,0,0
Obie Ricumstrict,sa3004282,0,0,0,0
Jared Akins,sa3004284,0,0,0,0
Dylan Rosa,sa3004285,0,0,0,0
Micah Brown,sa3004286,0,0,0,0
Will Robertson,sa3004294,0,0,0,0
Brent Diaz,sa3004297,0,0,0,0
Ben Rodriguez,sa3004301,0,0,0,0
Drew Waters,sa3004378,0,0,0,0
Ulrich Bojarski,sa3004381,0,0,0,0
Demetrius Sims,sa3004390,0,0,0,0
Ricky Surum,sa3004391,0,0,0,0
Andre Colon,sa3004511,0,0,0,0
Brett Pope,sa3004513,0,0,0,0
Nic Perkins,sa3004610,0,0,0,0
Cole Brannen,sa3004616,0,0,0,0
Kyle McPherson,sa3004696,0,0,0,0
Mark Vientos,sa3004720,0,0,0,0
Zach Jackson,sa3004721,0,0,0,0
Nathan Perry,sa3004756,0,0,0,0
Brett Netzer,sa3004804,0,0,0,0
Logan Warmoth,sa3004813,0,0,0,0
Jake Holmes,sa3004815,0,0,0,0
Jose Caballero,sa3004817,0,0,0,0
Jo Adell,sa3004837,0,0,0,0
Jack Larsen,sa3004840,0,0,0,0
Alex Dunlap,sa3004878,0,0,0,0
Justin Connell,sa3004884,0,0,0,0
Mason Martin,sa3004885,0,0,0,0
Phil Caulfield,sa3004886,0,0,0,0
Austen Wade,sa3004930,0,0,0,0
Olivier Basabe,sa3004933,0,0,0,0
Riley Delgado,sa3004934,0,0,0,0
Jared Young,sa3004937,0,0,0,0
Henry Quintero,sa3004940,0,0,0,0
Tristen Lutz,sa3004968,0,0,0,0
Isaiah Henry,sa3004970,0,0,0,0
Greg Deichmann,sa3004977,0,0,0,0
Robbie Glendinning,sa3004978,0,0,0,0
David Metzgar,sa3004982,0,0,0,0
Michael Smith,sa3004997,0,0,0,0
J.D. Osborne,sa3005053,0,0,0,0
Jacob Amaya,sa3005081,0,0,0,0
Nelson Velazquez,sa3005129,0,0,0,0
Hemmanuel Rosario,sa3005130,0,0,0,0
LJ Hatch,sa3005233,0,0,0,0
Jimmy Kerrigan,sa3005235,0,0,0,0
Joe Dunand,sa3005360,0,0,0,0
Fadriel Cruz,sa3005476,0,0,0,0
Wilfri Peralta,sa3005481,0,0,0,0
Roberto Chirinos,sa3005484,0,0,0,0
Larry Ernesto,sa3005485,0,0,0,0
Miguel Hiraldo,sa3005486,0,0,0,0
Andres Melendez,sa3005523,0,0,0,0
Jorge Barrosa,sa3005524,0,0,0,0
Alejandro Fernandez,sa3005550,0,0,0,0
Jose Rivas,sa3005561,0,0,0,0
Enrique Valdez,sa3005568,0,0,0,0
Eduardo Salazar,sa3005569,0,0,0,0
Jean Carvajal,sa3005574,0,0,0,0
Liover Peguero,sa3005582,0,0,0,0
Moises De La Cruz,sa3005585,0,0,0,0
Hasuan Viera,sa3005596,0,0,0,0
Julio Carreras,sa3005598,0,0,0,0
Antonio Cabello,sa3005600,0,0,0,0
Danny Bautista,sa3005602,0,0,0,0
Carlos Goris,sa3005604,0,0,0,0
Darwin Baez,sa3005614,0,0,0,0
Johan Liberato,sa3005623,0,0,0,0
Ronaiker Palma,sa3005624,0,0,0,0
Andy Pages,sa3005625,0,0,0,0
Nestor Heredia,sa3005626,0,0,0,0
Marco Valenzuela,sa3005764,0,0,0,0
Miguel Fabrizio,sa3005767,0,0,0,0
Wilfrido Matos,sa3005772,0,0,0,0
Elvin De Jesus,sa3005782,0,0,0,0
Edgar Martinez,sa3005790,0,0,0,0
Brayan Rocchio,sa3005898,0,0,0,0
Guillermo Quintana,sa3005916,0,0,0,0
Jenderson Jardines,sa3006077,0,0,0,0
Manuel Garcia,sa3006202,0,0,0,0
Jose Cordova,sa3006548,0,0,0,0
Sander Mora,sa3006578,0,0,0,0
Daniel Angulo,sa3006596,0,0,0,0
Christhian Espinal,sa3006607,0,0,0,0
Bladimir Restituyo,sa3006621,0,0,0,0
Bobby Honeyman,sa3006645,0,0,0,0
Michael Curry,sa3006653,0,0,0,0
Seth Beer,sa3006658,0,0,0,0
Orlando Martinez,sa3006664,0,0,0,0
Owen Miller,sa3006673,0,0,0,0
Matt Sanders,sa3006679,0,0,0,0
Luke Mangieri,sa3006684,0,0,0,0
Ian Dawkins,sa3006685,0,0,0,0
Keegan McGovern,sa3006710,0,0,0,0
Gage Canning,sa3006711,0,0,0,0
Ryne Ogren,sa3006726,0,0,0,0
Vinny Capra,sa3006731,0,0,0,0
Justin Toerner,sa3006735,0,0,0,0
Kole Cottam,sa3006780,0,0,0,0
Matt Vierling,sa3006781,0,0,0,0
Marty Costes,sa3006783,0,0,0,0
Jarren Duran,sa3006786,0,0,0,0
David Fry,sa3006787,0,0,0,0
Brock Deatherage,sa3006848,0,0,0,0
Josh McLain,sa3006850,0,0,0,0
Billy Wilson,sa3006851,0,0,0,0
William Hancock,sa3006854,0,0,0,0
Dayton Dugas,sa3006855,0,0,0,0
Jonathan Engelmann,sa3006858,0,0,0,0
Daniel Reyes,sa3006859,0,0,0,0
Cobie Vance,sa3006860,0,0,0,0
Kyle Isbel,sa3006861,0,0,0,0
Jordan Verdon,sa3006862,0,0,0,0
Avery Tuck,sa3006864,0,0,0,0
Pablo O'Connor,sa3006865,0,0,0,0
Devin Mann,sa3006869,0,0,0,0
Cal Stevenson,sa3006871,0,0,0,0
Ian Evans,sa3006874,0,0,0,0
Terone Harris,sa3006876,0,0,0,0
Jose Verrier,sa3006882,0,0,0,0
Kristian Robinson,sa3006884,0,0,0,0
Ronny Mauricio,sa3006887,0,0,0,0
D'Shawn Knowles,sa3006889,0,0,0,0
Alek Thomas,sa3006892,0,0,0,0
Jordan Groshans,sa3006893,0,0,0,0
Miguel Vargas,sa3006896,0,0,0,0
Alexander Guerra,sa3006899,0,0,0,0
Camilo Quinteiro,sa3006902,0,0,0,0
Ben Aklinski,sa3006906,0,0,0,0
Rhett Aplin,sa3006907,0,0,0,0
Eric De La Rosa,sa3006911,0,0,0,0
CJ Alexander,sa3006912,0,0,0,0
Nick Ames,sa3006919,0,0,0,0
John Valente,sa3006923,0,0,0,0
Ryan Ramiz,sa3006924,0,0,0,0
Chase Calabuig,sa3006927,0,0,0,0
Russ Olive,sa3006930,0,0,0,0
Clark Brinkman,sa3006934,0,0,0,0
Kaleo Johnson,sa3006935,0,0,0,0
Daniel Schneemann,sa3006936,0,0,0,0
Matthew Jarecki,sa3006940,0,0,0,0
Connor McVey,sa3006941,0,0,0,0
Justin Jones,sa3006942,0,0,0,0
Tyler Webb,sa3007001,0,0,0,0
Jeremiah Burks,sa3007004,0,0,0,0
Nick Gatewood,sa3007006,0,0,0,0
Hayden Senger,sa3007009,0,0,0,0
Jackson Lueck,sa3007011,0,0,0,0
Jake McCarthy,sa3007015,0,0,0,0
Nolan Gorman,sa3007017,0,0,0,0
Xavier Edwards,sa3007018,0,0,0,0
Kingston Liniak,sa3007020,0,0,0,0
Jarryd Dale,sa3007022,0,0,0,0
Davis Bradshaw,sa3007031,0,0,0,0
Andrew Turner,sa3007032,0,0,0,0
Angel Solarte,sa3007037,0,0,0,0
Hunter Steinmetz,sa3007043,0,0,0,0
Greyson Jenista,sa3007044,0,0,0,0
Ryan Jeffers,sa3007051,0,0,0,0
Reece Hampton,sa3007055,0,0,0,0
Danuerys De La Cruz,sa3007059,0,0,0,0
David Villar,sa3007063,0,0,0,0
Justin Dean,sa3007070,0,0,0,0
Jordan Qsar,sa3007078,0,0,0,0
Gunnar Schubert,sa3007080,0,0,0,0
Matt Cogen,sa3007083,0,0,0,0
Vinny Esposito,sa3007088,0,0,0,0
David Garza,sa3007093,0,0,0,0
Andrew Warner,sa3007095,0,0,0,0
Grant Fennell,sa3007100,0,0,0,0
Alec Bohm,sa3007284,0,0,0,0
Brhet Bewley,sa3007289,0,0,0,0
Abdiel Layer,sa3007291,0,0,0,0
Jake Brodt,sa3007316,0,0,0,0
Michael Emodi,sa3007318,0,0,0,0
Luke Sherley,sa3007320,0,0,0,0
Hunter Lee,sa3007325,0,0,0,0
Robert Boselli,sa3007332,0,0,0,0
Matt Kroon,sa3007502,0,0,0,0
Nick Dalesandro,sa3007503,0,0,0,0
Ruben Cardenas,sa3007505,0,0,0,0
David Clawson,sa3007507,0,0,0,0
Travis Swaggerty,sa3007512,0,0,0,0
Connor Smith,sa3007514,0,0,0,0
Jonah Bride,sa3007516,0,0,0,0
Michael Mateja,sa3007525,0,0,0,0
Patrick Dorrian,sa3007629,0,0,0,0
Jon Littell,sa3007630,0,0,0,0
Kyle Marinconz,sa3007638,0,0,0,0
Nicholas Northcut,sa3007640,0,0,0,0
Brendan Venter,sa3007645,0,0,0,0
Clayton Daniel,sa3007646,0,0,0,0
Jeremiah Jackson,sa3007740,0,0,0,0
Blaze Alexander,sa3007742,0,0,0,0
Brandon Howlett,sa3007745,0,0,0,0
Johendry Vasquez,sa3007749,0,0,0,0
Logan Porter,sa3007750,0,0,0,0
Joey Bart,sa3007786,0,0,0,0
Sean Roby,sa3007788,0,0,0,0
Liam Sabino,sa3007821,0,0,0,0
Elih Marrero,sa3007822,0,0,0,0
Connor Kaiser,sa3007823,0,0,0,0
Trey Dawson,sa3007868,0,0,0,0
Jake Slaughter,sa3007871,0,0,0,0
Hunter Feduccia,sa3007872,0,0,0,0
Wilderd Patino,sa3007874,0,0,0,0
Tyler Durna,sa3007879,0,0,0,0
Eddie Silva,sa3007942,0,0,0,0
Parker Meadows,sa3007943,0,0,0,0
Brandon Riley,sa3007972,0,0,0,0
Will Banfield,sa3007973,0,0,0,0
Ezequiel Pagan,sa3007975,0,0,0,0
Levi Jordan,sa3007976,0,0,0,0
Kody Clemens,sa3008002,0,0,0,0
Alex McKenna,sa3008003,0,0,0,0
Luke Reynolds,sa3008004,0,0,0,0
Jordyn Adams,sa3008032,0,0,0,0
Zach Rheams,sa3008050,0,0,0,0
Josh Breaux,sa3008051,0,0,0,0
Madison Stokes,sa3008076,0,0,0,0
Tristan Pompey,sa3008077,0,0,0,0
Connor Scott,sa3008080,0,0,0,0
Cesar Salazar,sa3008107,0,0,0,0
Nick Madrigal,sa3008139,0,0,0,0
Matt Pita,sa3008146,0,0,0,0
Jonathan India,sa3008178,0,0,0,0
Jimmy Herron,sa3008183,0,0,0,0
Michael Davis,sa3008248,0,0,0,0
Jax Biggers,sa3008251,0,0,0,0
Luken Baker,sa3008267,0,0,0,0
Endy Rodriguez,sa3008272,0,0,0,0
Bryce Bush,sa3008278,0,0,0,0
Michael Helman,sa3008280,0,0,0,0
Andy Weber,sa3008282,0,0,0,0
Brice Turang,sa3008294,0,0,0,0
Leonardo Seminati,sa3008298,0,0,0,0
Steele Walker,sa3008306,0,0,0,0
Trevor Larnach,sa3008376,0,0,0,0
Tim Tebow,sa323152,0,0,0,0
Francisco Diaz,sa505229,0,0,0,0
Anderson Feliz,sa505526,0,0,0,0
Rodrigo Vigil,sa547818,0,0,0,0
Erick Salcedo,sa548029,0,0,0,0
Kellin Deglan,sa548189,0,0,0,0
Wynston Sawyer,sa548430,0,0,0,0
Hunter Jones,sa548556,0,0,0,0
Damek Tomscha,sa550391,0,0,0,0
Bryan Mejia,sa597100,0,0,0,0
Tanner English,sa599081,0,0,0,0
Austin Davidson,sa599216,0,0,0,0
Mike Papi,sa599318,0,0,0,0
Josh Tobias,sa599333,0,0,0,0
Chris Mariscal,sa600255,0,0,0,0
Jake Hager,sa600840,0,0,0,0
Eric Wood,sa602394,0,0,0,0
Drew Weeks,sa602429,0,0,0,0
Vimael Machin,sa602488,0,0,0,0
David Masters,sa602586,0,0,0,0
Hunter Cole,sa603087,0,0,0,0
Evan Marzilli,sa621523,0,0,0,0
Roberto Caro,sa657285,0,0,0,0
Angel Aguilar,sa657323,0,0,0,0
Daniel Fajardo,sa657408,0,0,0,0
Malquin Canelo,sa657479,0,0,0,0
Angelo Castellano,sa657521,0,0,0,0
Andres Sotillo,sa657546,0,0,0,0
Mitch Nay,sa657873,0,0,0,0
Joe DeCarlo,sa657935,0,0,0,0
Luis Valenzuela,sa658081,0,0,0,0
Jacob Wilson,sa658158,0,0,0,0
Rashad Crawford,sa658166,0,0,0,0
John Silviano,sa658243,0,0,0,0
Kody Eaves,sa658290,0,0,0,0
Jameson Fisher,sa658576,0,0,0,0
Jacob Robson,sa658804,0,0,0,0
Josh Lester,sa658811,0,0,0,0
A.J. Simcox,sa658901,0,0,0,0
Jorge Saez,sa658909,0,0,0,0
Mikey White,sa658966,0,0,0,0
Ian Rice,sa658968,0,0,0,0
Tyler Krieger,sa658994,0,0,0,0
Wynton Bernard,sa658999,0,0,0,0
Zach Remillard,sa659077,0,0,0,0
Elier Hernandez,sa659238,0,0,0,0
Cam Gibson,sa659281,0,0,0,0
David Thompson,sa659290,0,0,0,0
Alberto Mineo,sa660295,0,0,0,0
Yadiel Hernandez,sa724030,0,0,0,0
Jose Azocar,sa735839,0,0,0,0
Grenny Cumana,sa735846,0,0,0,0
Johan Cruz,sa736621,0,0,0,0
Luis Barrera,sa736690,0,0,0,0
Jorma Rodriguez,sa736694,0,0,0,0
Ray-Patrick Didder,sa736824,0,0,0,0
Michael De La Cruz,sa736830,0,0,0,0
Aldrem Corredor,sa736852,0,0,0,0
Luis Gonzalez,sa736875,0,0,0,0
Ademar Rifaela,sa736911,0,0,0,0
Luis Alexander Basabe,sa736915,0,0,0,0
Victor Acosta,sa736917,0,0,0,0
Isaias Lucena,sa736921,0,0,0,0
Jhon Nunez,sa736923,0,0,0,0
Luis Alejandro Basabe,sa736924,0,0,0,0
Jose Siri,sa736940,0,0,0,0
Michael Beltre,sa736945,0,0,0,0
Luis Castro,sa736954,0,0,0,0
Jose Martinez,sa736960,0,0,0,0
Juremi Profar,sa736995,0,0,0,0
Luis Liberato,sa737020,0,0,0,0
Jean Angomas,sa737090,0,0,0,0
Gosuke Katoh,sa737619,0,0,0,0
Ben DeLuzio,sa737626,0,0,0,0
Jan Hernandez,sa737639,0,0,0,0
Thomas Milone,sa737640,0,0,0,0
Drew Ward,sa737690,0,0,0,0
Brian Navarreto,sa737817,0,0,0,0
Jamie Westbrook,sa737824,0,0,0,0
Charcer Burks,sa737838,0,0,0,0
Jonah Heim,sa737843,0,0,0,0
Trey Michalczewski,sa737859,0,0,0,0
Heath Quinn,sa737904,0,0,0,0
Johneshwy Fargas,sa737941,0,0,0,0
Edwin Diaz,sa738152,0,0,0,0
Daniel Pinero,sa738204,0,0,0,0
Narciso Crook,sa738300,0,0,0,0
Joseph Odom,sa738310,0,0,0,0
Stephen Wrenn,sa738419,0,0,0,0
Nick Longhi,sa738434,0,0,0,0
Cody Thomas,sa738459,0,0,0,0
Steven Sensley,sa738492,0,0,0,0
Chris Okey,sa738505,0,0,0,0
Edgar Cabral,sa738507,0,0,0,0
Corey Ray,sa738510,0,0,0,0
Charles Leblanc,sa738521,0,0,0,0
Morgan Lofstrom,sa738557,0,0,0,0
J.C. Escarra,sa738605,0,0,0,0
John Riley,sa738650,0,0,0,0
Torii Hunter Jr.,sa738667,0,0,0,0
Luke Persico,sa738678,0,0,0,0
Buddy Reed,sa738683,0,0,0,0
Jordan Cowan,sa738703,0,0,0,0
Willie Abreu,sa738883,0,0,0,0
Jake Romanski,sa738897,0,0,0,0
Trever Morrison,sa738906,0,0,0,0
Harrison Wenson,sa738936,0,0,0,0
Jacob Heyward,sa738955,0,0,0,0
Mark Karaviotis,sa738977,0,0,0,0
Brandon Wagner,sa738979,0,0,0,0
Ryan Lidge,sa738984,0,0,0,0
Anfernee Grier,sa738988,0,0,0,0
Dominic Miroglio,sa739013,0,0,0,0
Ryan Kirby,sa739014,0,0,0,0
Alexander Palma,sa739541,0,0,0,0
Jesse Hodges,sa739560,0,0,0,0
Julian Leon,sa739577,0,0,0,0
Marty Herum,sa745229,0,0,0,0
Chadwick Tromp,sa746793,0,0,0,0
Johan Mieses,sa747574,0,0,0,0
Walter Rasquin,sa754712,0,0,0,0
Michael De Leon,sa823925,0,0,0,0
Rene Pinto,sa826668,0,0,0,0
Anthony Jimenez,sa826672,0,0,0,0
Eugene Helder,sa826786,0,0,0,0
Kyle Overstreet,sa827140,0,0,0,0
Patrick Mazeika,sa827167,0,0,0,0
Gunnar Heidt,sa827195,0,0,0,0
Chris Chinea,sa827344,0,0,0,0
Eric Filia,sa827359,0,0,0,0
Taylor Gushue,sa827360,0,0,0,0
Alejandro Salazar,sa827937,0,0,0,0
Franklin Rollin,sa827951,0,0,0,0
Melvin Novoa,sa827953,0,0,0,0
Anthony Dirocie,sa827959,0,0,0,0
Luis Carpio,sa827960,0,0,0,0
Welfrin Mateo,sa827963,0,0,0,0
Jerry Seitz,sa827965,0,0,0,0
Manuel Geraldo,sa827970,0,0,0,0
Joantgel Segovia,sa827979,0,0,0,0
Jose Caraballo,sa828151,0,0,0,0
Raul Siri,sa828166,0,0,0,0
Gersel Pitre,sa828176,0,0,0,0
Ricardo Cespedes,sa828197,0,0,0,0
Ali Sanchez,sa828198,0,0,0,0
Gabriel Mejia,sa828213,0,0,0,0
Onil Pena,sa828232,0,0,0,0
Jean Carrillo,sa828250,0,0,0,0
Ramon Hernandez,sa828281,0,0,0,0
Francis Martinez,sa828284,0,0,0,0
Osvaldo Duarte,sa828299,0,0,0,0
Bryan De La Cruz,sa828304,0,0,0,0
Jhonny Santos,sa828314,0,0,0,0
Samuel Miranda,sa828316,0,0,0,0
Telmito Agustin,sa828321,0,0,0,0
Anderson Franco,sa828322,0,0,0,0
Andres Luna,sa828379,0,0,0,0
Alexis Wilson,sa828380,0,0,0,0
Dennis Ortega,sa828381,0,0,0,0
Wadye Ynfante,sa828382,0,0,0,0
Lewin Diaz,sa828420,0,0,0,0
Carlos Rivero,sa828427,0,0,0,0
Eduardo Navas,sa828438,0,0,0,0
Yohel Pozo,sa828445,0,0,0,0
Carlos Perez,sa828577,0,0,0,0
Nick Gordon,sa828662,0,0,0,0
Derek Hill,sa828670,0,0,0,0
Chase Vallot,sa828684,0,0,0,0
Jake Gatewood,sa828685,0,0,0,0
Justin Twine,sa828686,0,0,0,0
Michael Gettys,sa828692,0,0,0,0
Jakson Reetz,sa828796,0,0,0,0
Troy Stokes Jr.,sa828871,0,0,0,0
Gavin LaValley,sa828878,0,0,0,0
Kevin Padlo,sa828961,0,0,0,0
Max George,sa829010,0,0,0,0
Chris Gittens,sa829048,0,0,0,0
Kevonte Mitchell,sa829059,0,0,0,0
Stone Garrett,sa829117,0,0,0,0
Zack Zehner,sa829122,0,0,0,0
Brian O'Keefe,sa829152,0,0,0,0
Ryan Metzler,sa829159,0,0,0,0
Roberto Ramos,sa829199,0,0,0,0
Alec Keller,sa829219,0,0,0,0
Drew Lugbauer,sa829268,0,0,0,0
Gianpaul Gonzalez,sa829276,0,0,0,0
Jared Walker,sa829364,0,0,0,0
Rudy Martin,sa829374,0,0,0,0
Josh Ockimey,sa829375,0,0,0,0
Cristian Santana,sa829387,0,0,0,0
Zacrey Law,sa829413,0,0,0,0
Tra Holmes,sa829468,0,0,0,0
J.J. Matijevic,sa829488,0,0,0,0
Michael Cantu,sa829494,0,0,0,0
Jeren Kendall,sa829529,0,0,0,0
Josh Palacios,sa829562,0,0,0,0
Bubba Hollins,sa829697,0,0,0,0
Kirvin Moesquit,sa829715,0,0,0,0
Quinn Brodey,sa829783,0,0,0,0
Gavin Sheets,sa829797,0,0,0,0
Jeff Hendrix,sa829803,0,0,0,0
Travis Jones,sa829805,0,0,0,0
Carl Chester,sa829813,0,0,0,0
Stuart Fairchild,sa829822,0,0,0,0
Dalton Guthrie,sa829836,0,0,0,0
Andretty Cordero,sa830037,0,0,0,0
Kevin Josephina,sa830120,0,0,0,0
Carlos Herrera,sa830140,0,0,0,0
Jomar Reyes,sa830204,0,0,0,0
Isael Soto,sa830217,0,0,0,0
Leonardo Molina,sa830227,0,0,0,0
Kungkuan Giljegiljaw,sa830277,0,0,0,0
Jose Herrera,sa830295,0,0,0,0
Franklin Torres,sa830300,0,0,0,0
Micker Adolfo,sa830303,0,0,0,0
Hansel Moreno,sa833676,0,0,0,0
Blake Allemand,sa857217,0,0,0,0
Gavin Collins,sa857219,0,0,0,0
Jason Delay,sa857222,0,0,0,0
Ryan Howard,sa857225,0,0,0,0
Zander Wiel,sa857249,0,0,0,0
Roberto Baldoquin,sa857538,0,0,0,0
Bobby Dalbec,sa857701,0,0,0,0
Michael Donadio,sa857712,0,0,0,0
Brennon Lund,sa857730,0,0,0,0
Nick Sciortino,sa857749,0,0,0,0
Errol Robinson,sa857819,0,0,0,0
Anderson Miller,sa857824,0,0,0,0
Logan Taylor,sa857838,0,0,0,0
Kyle Holder,sa857840,0,0,0,0
Connor Marabell,sa858026,0,0,0,0
Joe McCarthy,sa858039,0,0,0,0
Brendon Sanger,sa858055,0,0,0,0
Arden Pabst,sa858812,0,0,0,0
Mitchell Tolman,sa858829,0,0,0,0
Wilbis Santiago,sa862819,0,0,0,0
Raul Rivas,sa871433,0,0,0,0
Irving Ortega,sa872446,0,0,0,0
Edwin Yon,sa872464,0,0,0,0
Jesus Navarro,sa872468,0,0,0,0
Yonny Hernandez,sa872473,0,0,0,0
Anderson Tejeda,sa872474,0,0,0,0
Elehuris Montero,sa872477,0,0,0,0
Marino Campana,sa872486,0,0,0,0
Joseph Rosa,sa872490,0,0,0,0
Randy Ventura,sa872499,0,0,0,0
Jose Lizarraga,sa872512,0,0,0,0
Yoel Romero,sa872524,0,0,0,0
Keibert Ruiz,sa872528,0,0,0,0
Christopher Torres,sa872538,0,0,0,0
Leonardo Rivas,sa872542,0,0,0,0
Pablo Olivares,sa872547,0,0,0,0
Wilkerman Garcia,sa872548,0,0,0,0
Frederick Cuevas,sa872550,0,0,0,0
Jason Lopez,sa872552,0,0,0,0
Edgardo Fermin,sa872571,0,0,0,0
Lucas Erceg,sa872722,0,0,0,0
Daniel Brito,sa872732,0,0,0,0
Carlos Machado,sa872756,0,0,0,0
Oscar Gonzalez,sa872782,0,0,0,0
Cristopher Cespedes,sa872783,0,0,0,0
Vidal Brujan,sa872786,0,0,0,0
Jean Carlos Arias,sa872811,0,0,0,0
Yorman Rodriguez,sa872817,0,0,0,0
Shard Munroe,sa872821,0,0,0,0
Ronal Reynoso,sa872842,0,0,0,0
William Contreras,sa872847,0,0,0,0
Jose Marquez,sa873155,0,0,0,0
Raul Hernandez,sa873181,0,0,0,0
Tyler Ramirez,sa873260,0,0,0,0
Zack Short,sa873287,0,0,0,0
Jose Tello,sa873350,0,0,0,0
Stevie Berman,sa873599,0,0,0,0
Todd Czinege,sa873611,0,0,0,0
Michael Hernandez,sa873626,0,0,0,0
Connor Justus,sa873634,0,0,0,0
Ronnie Dawson,sa873674,0,0,0,0
T.J. Nichting,sa873681,0,0,0,0
Weston Wilson,sa873690,0,0,0,0
Cole Billingsley,sa873699,0,0,0,0
David MacKinnon,sa873706,0,0,0,0
Dan Rizzie,sa873964,0,0,0,0
Connor Wong,sa873978,0,0,0,0
Nick Banks,sa873982,0,0,0,0
C.J. Chatham,sa873984,0,0,0,0
Michael Paez,sa874101,0,0,0,0
Kort Peterson,sa874104,0,0,0,0
Mitch Longo,sa874178,0,0,0,0
Corey Bird,sa874209,0,0,0,0
Blake Tiberi,sa874235,0,0,0,0
Cornelius Randolph,sa874241,0,0,0,0
Tyler Stephenson,sa874242,0,0,0,0
Estevan Florial,sa874464,0,0,0,0
Ke'Bryan Hayes,sa874730,0,0,0,0
Ryan Mountcastle,sa874734,0,0,0,0
Daz Cameron,sa874736,0,0,0,0
Tyler Nevin,sa874752,0,0,0,0
Eric Jenkins,sa874775,0,0,0,0
Chris Betts,sa874791,0,0,0,0
Desmond Lindsay,sa874792,0,0,0,0
Bryce Denton,sa874798,0,0,0,0
Jahmai Jones,sa874807,0,0,0,0
Travis Blankenhorn,sa874969,0,0,0,0
Mark Mathias,sa875006,0,0,0,0
Trey Cabbage,sa875022,0,0,0,0
D.J. Wilson,sa875023,0,0,0,0
Jagger Rusconi,sa875030,0,0,0,0
Kade Scivicque,sa875053,0,0,0,0
Ryan McKenna,sa875055,0,0,0,0
Corey Zangari,sa875065,0,0,0,0
Brian Mundell,sa875185,0,0,0,0
Aldemar Burgos,sa875196,0,0,0,0
Donny Sands,sa875201,0,0,0,0
Seamus Curran,sa875212,0,0,0,0
Nathan Lukes,sa875215,0,0,0,0
Jaylen Ferguson,sa875317,0,0,0,0
Garrett Benge,sa875340,0,0,0,0
Brantley Bell,sa875352,0,0,0,0
LeDarious Clark,sa875568,0,0,0,0
P.J. Higgins,sa875573,0,0,0,0
Christian Kelley,sa875583,0,0,0,0
Curtis Terry,sa875607,0,0,0,0
Max McDowell,sa875626,0,0,0,0
Trey Amburgey,sa875629,0,0,0,0
Austin Bossart,sa875667,0,0,0,0
Chad De La Guerra,sa875729,0,0,0,0
Drew Ferguson,sa875766,0,0,0,0
Josh Rolette,sa875776,0,0,0,0
Emmanuel Rivera,sa875798,0,0,0,0
Jonathan Morales,sa875808,0,0,0,0
Logan Hill,sa875822,0,0,0,0
Jordan Devencenzi,sa875840,0,0,0,0
Stuart Levy,sa875870,0,0,0,0
Wagner Lagrange,sa875875,0,0,0,0
Griffin Conine,sa876060,0,0,0,0
Dillon Persinger,sa876069,0,0,0,0
Andrew Guillotte,sa876089,0,0,0,0
L.T. Tolbert,sa876146,0,0,0,0
Taylor Jones,sa876202,0,0,0,0
Dalton Kelly,sa876363,0,0,0,0
Matt Morales,sa876379,0,0,0,0
Shean Michel,sa877018,0,0,0,0
Amado Nunez,sa877349,0,0,0,0
Ricky Aracena,sa877365,0,0,0,0
Samuel Castro,sa877486,0,0,0,0
Jonathan Arauz,sa877498,0,0,0,0
Izzy Wilson,sa877504,0,0,0,0
Hoy Jun Park,sa877610,0,0,0,0
Sandy Mota,sa879801,0,0,0,0
Jeremy Fernandez,sa880735,0,0,0,0
Carlos Baez,sa880736,0,0,0,0
Dermis Garcia,sa881025,0,0,0,0
Aaron Whitefield,sa886360,0,0,0,0
Carlos Soto,sa900974,0,0,0,0
Anibal Sierra,sa908626,0,0,0,0
Leody Taveras,sa912520,0,0,0,0
Corey Julks,sa913274,0,0,0,0
Jack Sundberg,sa913277,0,0,0,0
Armando Alvarez,sa913279,0,0,0,0
Logan Ice,sa913305,0,0,0,0
Dallas Carroll,sa913370,0,0,0,0
Lucius Fox,sa914200,0,0,0,0
Jeison Guzman,sa914314,0,0,0,0
Devin Hairston,sa915575,0,0,0,0
Tyler Friis,sa915593,0,0,0,0
Rob Henry,sa915595,0,0,0,0
Nick Dunn,sa915613,0,0,0,0
Colby Fitch,sa915614,0,0,0,0
Donovan Casey,sa915654,0,0,0,0
Orlando Garcia,sa915658,0,0,0,0
Jeremy Vasquez,sa915673,0,0,0,0
Kevin Merrell,sa915707,0,0,0,0
Zach Clark,sa915718,0,0,0,0
Ernie Clement,sa915732,0,0,0,0
Evan White,sa915774,0,0,0,0
Dylan Busby,sa915789,0,0,0,0
Scott Hurst,sa915819,0,0,0,0
Brian Miller,sa915826,0,0,0,0
Kevin Smith,sa915864,0,0,0,0
Matt Whatley,sa915868,0,0,0,0
Derian Cruz,sa916719,0,0,0,0
Cristian Pache,sa916722,0,0,0,0
Oswaldo Cabrera,sa916954,0,0,0,0
Carlos Narvaez,sa916966,0,0,0,0
Gresuan Silverio,sa917004,0,0,0,0
Darwin Alvarado,sa917013,0,0,0,0
Jose Quero,sa917017,0,0,0,0
Sebastian Rivero,sa917021,0,0,0,0
Rubendy Jaquez,sa917022,0,0,0,0
Rafael Romero,sa917028,0,0,0,0
Seuly Matias,sa917039,0,0,0,0
Miguel Hernandez,sa917055,0,0,0,0
Daniel Montano,sa917068,0,0,0,0
Pedro Castellanos,sa917074,0,0,0,0
Everlouis Lozada,sa917077,0,0,0,0
Ricardo Cubillan,sa917089,0,0,0,0
Kervin Suarez,sa917093,0,0,0,0
Eduardo Torrealba,sa917095,0,0,0,0
Cristhian Pedroza,sa917110,0,0,0,0
Raul Beracierta,sa917116,0,0,0,0
Wilmer Reyes,sa917118,0,0,0,0
Jonathan Guzman,sa917127,0,0,0,0
Ismael Munguia,sa917132,0,0,0,0
Raffy Ozuna,sa917133,0,0,0,0
Eguy Rosario,sa917140,0,0,0,0
Jonathan Willems,sa917150,0,0,0,0
Reniel Ozuna,sa917151,0,0,0,0
Juan Pascal,sa917155,0,0,0,0
Eduardo Diaz,sa917182,0,0,0,0
Jose King,sa917184,0,0,0,0
Miguel Aparicio,sa917275,0,0,0,0
Cristian Inoa,sa917277,0,0,0,0
Ramiro Rodriguez,sa917287,0,0,0,0
Enmanuel Valdez,sa917288,0,0,0,0
Guillermo Granadillo,sa917297,0,0,0,0
Cristopher Pujols,sa917299,0,0,0,0
Jose Gutierrez,sa917301,0,0,0,0
Yonathan Perlaza,sa917302,0,0,0,0
Jorge Perez,sa917308,0,0,0,0
Steven Leyton,sa917309,0,0,0,0
Eddie Hernandez,sa917310,0,0,0,0
Jesus Marriaga,sa917311,0,0,0,0
Carlos Rincon,sa917319,0,0,0,0
Leonel Valera,sa917320,0,0,0,0
Alfredo Angarita,sa917326,0,0,0,0
Starling Heredia,sa917328,0,0,0,0
Jair Camargo,sa917333,0,0,0,0
Pablo Jimenez,sa917342,0,0,0,0
Aramis Ademan,sa917352,0,0,0,0
Luis Diaz,sa917355,0,0,0,0
Simon Muzziotti,sa917376,0,0,0,0
Sebastian Ochoa,sa917417,0,0,0,0
Luis Leon,sa917463,0,0,0,0
Rolando Lebron,sa917478,0,0,0,0
Julio Rodriguez,sa917669,0,0,0,0
Marco Hernandez,sa917737,0,0,0,0
Luis De Los Santos,sa917822,0,0,0,0
Josh Lowe,sa917926,0,0,0,0
Alex Kirilloff,sa917929,0,0,0,0
Joe Rizzo,sa917934,0,0,0,0
Delvin Perez,sa917935,0,0,0,0
Hudson Potts,sa917936,0,0,0,0
Andy Yerzy,sa917939,0,0,0,0
Dylan Carlson,sa917940,0,0,0,0
Nolan Jones,sa917941,0,0,0,0
Ben Rortvedt,sa917942,0,0,0,0
Brandon Marsh,sa917944,0,0,0,0
Jose Miranda,sa917952,0,0,0,0
Akil Baddoo,sa917953,0,0,0,0
Mario Feliciano,sa917954,0,0,0,0
Sean Reynolds,sa917966,0,0,0,0
Kole Enright,sa917991,0,0,0,0
Khalil Lee,sa917996,0,0,0,0
Alexis Torres,sa918010,0,0,0,0
Nate Nolan,sa918101,0,0,0,0
Troy Montgomery,sa918108,0,0,0,0
Peterson Plaz,sa918114,0,0,0,0
Tyler Neslony,sa918131,0,0,0,0
Mitchell Kranson,sa918156,0,0,0,0
Freddy Fermin,sa918173,0,0,0,0
Chad McClanahan,sa918209,0,0,0,0
Tre Carter,sa918212,0,0,0,0
Danny Woodrow,sa918257,0,0,0,0
Mitch Roman,sa918259,0,0,0,0
Carmen Benedetti,sa918269,0,0,0,0
Darick Hall,sa918293,0,0,0,0
Anthony Churlin,sa918339,0,0,0,0
Nick Heath,sa918355,0,0,0,0
Jacob Zanon,sa918370,0,0,0,0
Brayan Morales,sa918374,0,0,0,0
Jack Kruger,sa918429,0,0,0,0
Brandon Van Horn,sa918436,0,0,0,0
Evan Alexander,sa918444,0,0,0,0
Taylor Kohlwey,sa918457,0,0,0,0
Chris Clare,sa918466,0,0,0,0
Joel Booker,sa918497,0,0,0,0
Griffin Benson,sa918512,0,0,0,0
Matt Hearn,sa918523,0,0,0,0
Juan Carlos Abreu,sa918527,0,0,0,0
Charlie Madden,sa918568,0,0,0,0
Cam Williams,sa918586,0,0,0,0
Hunter Owen,sa918597,0,0,0,0
Chad Sedio,sa918611,0,0,0,0
Connor Myers,sa918641,0,0,0,0
Ben Ruta,sa918694,0,0,0,0
Ramon Rodriguez,sa918698,0,0,0,0
Ryan Aguilar,sa918712,0,0,0,0
Jake Ring,sa918728,0,0,0,0
Bret Boswell,sa918769,0,0,0,0
Craig Dedelow,sa918840,0,0,0,0
Zach Davis,sa918888,0,0,0,0
Zach McKinstry,sa918920,0,0,0,0
Chavez Young,sa918963,0,0,0,0
Aaron Bond,sa918977,0,0,0,0
Danny Mayer,sa918984,0,0,0,0
Borinquen Mendez,sa919019,0,0,0,0
Nate Easley,sa919164,0,0,0,0
Jonathan Aranda,sa919293,0,0,0,0
Jazz Chisholm,sa919327,0,0,0,0
Jose Mena,sa919893,0,0,0,0
Christopher Quintin,sa919908,0,0,0,0
Victor Ngoepe,sa920171,0,0,0,0
Isaac Paredes,sa920275,0,0,0,0
Yariel Gonzalez,sa920278,0,0,0,0
Diomedes Del Rio,sa921439,0,0,0,0
J.C. Millan,sa922148,0,0,0,0
Alfredo Rodriguez,sa922180,0,0,0,0
Tony Pena,sa922560,0,0,0,0
Jefrey Ramos,sa923039,0,0,0,0
Reinaldo Ilarraza,sa923239,0,0,0,0
Jonathan Lopez,sa924293,0,0,0,0
Jonatan Machado,sa924310,0,0,0,0
Fabricio Macias,sa927338,0,0,0,0
TJ Friedl,sa943754,0,0,0,0
Jerar Encarnacion,sa943817,0,0,0,0
Luis Garcia,sa962605,0,0,0,0
Lazaro Armenteros,sa969091,0,0,0,0
Luis Almanzar,sa970515,0,0,0,0
Yanio Perez,sa975161,0,0,0,0
